"np","S","I1","I2","gamma","alpha"
0,3782594.5,5582.712890625,103.595710754395,1.25775897502899,1.34574234485626
1,3796490.5,5518.478515625,102.374809265137,1.20991969108582,1.34579741954803
2,3795175,5508.27001953125,102.347236633301,1.21214711666107,1.34667479991913
3,3774842.25,5325.365234375,98.9796600341797,1.19084715843201,1.3472683429718
4,3836611.5,5837.12646484375,108.332717895508,1.21632969379425,1.34547448158264
5,3836611.5,5837.12646484375,108.332717895508,1.21632969379425,1.34547448158264
6,3836611.5,5837.12646484375,108.332717895508,1.21632969379425,1.34547448158264
7,3836611.5,5837.12646484375,108.332717895508,1.21632969379425,1.34547448158264
8,3836611.5,5837.12646484375,108.332717895508,1.21632969379425,1.34547448158264
9,3869133.25,5972.48974609375,110.570327758789,1.20375788211823,1.34413814544678
10,3869133.25,5972.48974609375,110.570327758789,1.20375788211823,1.34413814544678
11,3869133.25,5972.48974609375,110.570327758789,1.20375788211823,1.34413814544678
12,3869133.25,5972.48974609375,110.570327758789,1.20375788211823,1.34413814544678
13,3869133.25,5972.48974609375,110.570327758789,1.20375788211823,1.34413814544678
14,3851497.25,5908.8369140625,108.896614074707,1.21146333217621,1.34467446804047
15,3851497.25,5908.8369140625,108.896614074707,1.21146333217621,1.34467446804047
16,3835480.75,5970.8349609375,110.198715209961,1.25448930263519,1.34318864345551
17,3835480.75,5970.8349609375,110.198715209961,1.25448930263519,1.34318864345551
18,3822671.75,5914.861328125,109.778419494629,1.26723062992096,1.3431715965271
19,3822671.75,5914.861328125,109.778419494629,1.26723062992096,1.3431715965271
20,3768318.25,5544.7197265625,102.538803100586,1.2636890411377,1.3432469367981
21,3768318.25,5544.7197265625,102.538803100586,1.2636890411377,1.3432469367981
22,3773465.25,5496.8681640625,101.58283996582,1.24266481399536,1.34383177757263
23,3773465.25,5496.8681640625,101.58283996582,1.24266481399536,1.34383177757263
24,3773465.25,5496.8681640625,101.58283996582,1.24266481399536,1.34383177757263
25,3773465.25,5496.8681640625,101.58283996582,1.24266481399536,1.34383177757263
26,3773465.25,5496.8681640625,101.58283996582,1.24266481399536,1.34383177757263
27,3773465.25,5496.8681640625,101.58283996582,1.24266481399536,1.34383177757263
28,3773465.25,5496.8681640625,101.58283996582,1.24266481399536,1.34383177757263
29,3773465.25,5496.8681640625,101.58283996582,1.24266481399536,1.34383177757263
30,3774742.75,5577.15673828125,103.31086730957,1.26021540164948,1.34403872489929
31,3774742.75,5577.15673828125,103.31086730957,1.26021540164948,1.34403872489929
32,3766892.25,5603.08984375,104.168525695801,1.28263854980469,1.34285759925842
33,3766892.25,5603.08984375,104.168525695801,1.28263854980469,1.34285759925842
34,3773013.75,5524.31884765625,103.030426025391,1.24687159061432,1.34304201602936
35,3809230.75,5986.490234375,112.886535644531,1.3115873336792,1.34300529956818
36,3839780.75,6212.85986328125,116.375900268555,1.30825078487396,1.3417181968689
37,3900536.25,6597.6005859375,123.910774230957,1.30641043186188,1.34115874767303
38,3900536.25,6597.6005859375,123.910774230957,1.30641043186188,1.34115874767303
39,3899515.5,6570.52978515625,123.77254486084,1.30710816383362,1.34041333198547
40,3899515.5,6570.52978515625,123.77254486084,1.30710816383362,1.34041333198547
41,3899515.5,6570.52978515625,123.77254486084,1.30710816383362,1.34041333198547
42,3899515.5,6570.52978515625,123.77254486084,1.30710816383362,1.34041333198547
43,3899515.5,6570.52978515625,123.77254486084,1.30710816383362,1.34041333198547
44,3858904,6158.84716796875,115.750358581543,1.26229739189148,1.34092915058136
45,3822303,5812.38427734375,108.684448242188,1.23330068588257,1.34010493755341
46,3777500.25,5507.83544921875,103.685012817383,1.22217154502869,1.34027242660522
47,3782441.75,5573.47705078125,104.314353942871,1.23275005817413,1.34137117862701
48,3791102.75,5513.9833984375,103.542449951172,1.21107757091522,1.34105789661407
49,3791102.75,5513.9833984375,103.542449951172,1.21107757091522,1.34105789661407
50,3791102.75,5513.9833984375,103.542449951172,1.21107757091522,1.34105789661407
51,3764807.5,5205.81396484375,97.0824890136719,1.16913425922394,1.34050607681274
52,3764807.5,5205.81396484375,97.0824890136719,1.16913425922394,1.34050607681274
53,3764807.5,5205.81396484375,97.0824890136719,1.16913425922394,1.34050607681274
54,3764807.5,5205.81396484375,97.0824890136719,1.16913425922394,1.34050607681274
55,3737990.75,5099.51220703125,95.1314392089844,1.18982255458832,1.34028303623199
56,3737990.75,5099.51220703125,95.1314392089844,1.18982255458832,1.34028303623199
57,3821175.75,5382.72607421875,99.4464874267578,1.13066244125366,1.3370817899704
58,3821175.75,5382.72607421875,99.4464874267578,1.13066244125366,1.3370817899704
59,3817964.25,5429.1162109375,100.299362182617,1.14652168750763,1.33643782138824
60,3849412,5669.25390625,105.73575592041,1.17220282554626,1.33561933040619
61,3835570,5326.171875,99.3601837158203,1.11593997478485,1.33530223369598
62,3835570,5326.171875,99.3601837158203,1.11593997478485,1.33530223369598
63,3835570,5326.171875,99.3601837158203,1.11593997478485,1.33530223369598
64,3856854.5,5496.2841796875,102.760047912598,1.1257221698761,1.33428514003754
65,3860517.75,5452.619140625,101.790351867676,1.11387860774994,1.33360385894775
66,3830621.75,5182.4423828125,96.3057327270508,1.08961236476898,1.33370614051819
67,3858174,5409.5341796875,100.623405456543,1.10334181785583,1.33480453491211
68,3833576,5496.625,102.000267028809,1.15815091133118,1.33417022228241
69,3817956,5342.181640625,99.5734481811523,1.14376056194305,1.33580338954926
70,3823349.25,5600.62939453125,103.997268676758,1.2009996175766,1.33545911312103
71,3823349.25,5600.62939453125,103.997268676758,1.2009996175766,1.33545911312103
72,3805698.75,5376.72265625,100.406608581543,1.16927254199982,1.33532917499542
73,3815244.5,5411.24853515625,100.623115539551,1.16767680644989,1.33474850654602
74,3805215.75,5463.48779296875,101.703659057617,1.19642198085785,1.33488607406616
75,3805079.5,5482.61962890625,101.502365112305,1.19573986530304,1.33607590198517
76,3778804.75,5240.21337890625,96.9305267333984,1.17675673961639,1.33554434776306
77,3778804.75,5240.21337890625,96.9305267333984,1.17675673961639,1.33554434776306
78,3730687,4924.6142578125,90.5756912231445,1.1629718542099,1.33675861358643
79,3724592.25,5015.310546875,92.4459381103516,1.19226586818695,1.33687961101532
80,3724592.25,5015.310546875,92.4459381103516,1.19226586818695,1.33687961101532
81,3724592.25,5015.310546875,92.4459381103516,1.19226586818695,1.33687961101532
82,3724592.25,5015.310546875,92.4459381103516,1.19226586818695,1.33687961101532
83,3731383,4959.17626953125,91.7262878417969,1.15956258773804,1.33599662780762
84,3731383,4959.17626953125,91.7262878417969,1.15956258773804,1.33599662780762
85,3731383,4959.17626953125,91.7262878417969,1.15956258773804,1.33599662780762
86,3731383,4959.17626953125,91.7262878417969,1.15956258773804,1.33599662780762
87,3696483,4738.50927734375,87.2597885131836,1.16233158111572,1.3364417552948
88,3696483,4738.50927734375,87.2597885131836,1.16233158111572,1.3364417552948
89,3676937.75,4572.580078125,85.0010833740234,1.15174543857574,1.33669459819794
90,3637863,4330.134765625,80.299186706543,1.15756356716156,1.33624172210693
91,3618164,4392.44921875,80.6694564819336,1.2057865858078,1.3360641002655
92,3611964.75,4371.30810546875,80.4483489990234,1.21422326564789,1.33541488647461
93,3610540.75,4326.7314453125,79.4961318969727,1.21057724952698,1.3348513841629
94,3585324.25,4282.611328125,78.5980224609375,1.25442230701447,1.33505880832672
95,3566211.5,4173.1298828125,76.8459091186523,1.26567554473877,1.33574521541595
96,3608310.75,4403.92822265625,81.3406372070312,1.24195456504822,1.33684909343719
97,3634405.25,4645.49365234375,86.1638259887695,1.27032339572906,1.33683383464813
98,3657709,4635.2451171875,86.7615966796875,1.21351742744446,1.33658301830292
99,3654836,4575.044921875,85.711669921875,1.20670258998871,1.3360493183136
100,3685483,4856.75048828125,90.4130477905273,1.23464977741241,1.33610188961029
101,3685483,4856.75048828125,90.4130477905273,1.23464977741241,1.33610188961029
102,3684171.75,4823.0087890625,89.5439300537109,1.21929717063904,1.33638775348663
103,3710132.75,4868.47705078125,90.4596633911133,1.19090282917023,1.33614706993103
104,3710132.75,4868.47705078125,90.4596633911133,1.19090282917023,1.33614706993103
105,3710132.75,4868.47705078125,90.4596633911133,1.19090282917023,1.33614706993103
106,3710132.75,4868.47705078125,90.4596633911133,1.19090282917023,1.33614706993103
107,3710132.75,4868.47705078125,90.4596633911133,1.19090282917023,1.33614706993103
108,3704293,4891.79931640625,90.7913284301758,1.19407546520233,1.33556413650513
109,3726201.5,5278.3173828125,97.621955871582,1.27223634719849,1.33418798446655
110,3726201.5,5278.3173828125,97.621955871582,1.27223634719849,1.33418798446655
111,3736435.75,5308.14697265625,97.8199920654297,1.26471889019012,1.33333206176758
112,3752360,5198.646484375,95.7270584106445,1.20538294315338,1.33304762840271
113,3767901.25,5377.267578125,99.1344451904297,1.23117363452911,1.33336687088013
114,3767901.25,5377.267578125,99.1344451904297,1.23117363452911,1.33336687088013
115,3767901.25,5377.267578125,99.1344451904297,1.23117363452911,1.33336687088013
116,3767901.25,5377.267578125,99.1344451904297,1.23117363452911,1.33336687088013
117,3767901.25,5377.267578125,99.1344451904297,1.23117363452911,1.33336687088013
118,3767901.25,5377.267578125,99.1344451904297,1.23117363452911,1.33336687088013
119,3767901.25,5377.267578125,99.1344451904297,1.23117363452911,1.33336687088013
120,3767901.25,5377.267578125,99.1344451904297,1.23117363452911,1.33336687088013
121,3767901.25,5377.267578125,99.1344451904297,1.23117363452911,1.33336687088013
122,3767901.25,5377.267578125,99.1344451904297,1.23117363452911,1.33336687088013
123,3767901.25,5377.267578125,99.1344451904297,1.23117363452911,1.33336687088013
124,3767901.25,5377.267578125,99.1344451904297,1.23117363452911,1.33336687088013
125,3767901.25,5377.267578125,99.1344451904297,1.23117363452911,1.33336687088013
126,3778833.75,5478.0771484375,101.780380249023,1.25592148303986,1.33192205429077
127,3778833.75,5478.0771484375,101.780380249023,1.25592148303986,1.33192205429077
128,3778833.75,5478.0771484375,101.780380249023,1.25592148303986,1.33192205429077
129,3756309.25,5326.05517578125,98.7265090942383,1.2577793598175,1.33047759532928
130,3771648,5510.0087890625,101.978614807129,1.27773213386536,1.33000981807709
131,3788158.75,5607.82080078125,104.317565917969,1.28221797943115,1.33001017570496
132,3788158.75,5607.82080078125,104.317565917969,1.28221797943115,1.33001017570496
133,3788158.75,5607.82080078125,104.317565917969,1.28221797943115,1.33001017570496
134,3788158.75,5607.82080078125,104.317565917969,1.28221797943115,1.33001017570496
135,3788158.75,5607.82080078125,104.317565917969,1.28221797943115,1.33001017570496
136,3788158.75,5607.82080078125,104.317565917969,1.28221797943115,1.33001017570496
137,3788158.75,5607.82080078125,104.317565917969,1.28221797943115,1.33001017570496
138,3800220,5390.1298828125,99.9194030761719,1.19776737689972,1.33046925067902
139,3785351,5268.330078125,97.6991958618164,1.18328261375427,1.33151006698608
140,3801588,5372.5263671875,99.124641418457,1.17585563659668,1.33056688308716
141,3839611.25,5568.0859375,103.301681518555,1.17047715187073,1.33117771148682
142,3810014,5423.51171875,101.216789245605,1.18719375133514,1.33129775524139
143,3810014,5423.51171875,101.216789245605,1.18719375133514,1.33129775524139
144,3796336,5473.541015625,102.655654907227,1.21908152103424,1.33066082000732
145,3796336,5473.541015625,102.655654907227,1.21908152103424,1.33066082000732
146,3783558.75,5507.21533203125,103.113212585449,1.25330924987793,1.33179116249084
147,3761992.25,5275.95361328125,99.1485824584961,1.22605395317078,1.33119249343872
148,3761992.25,5275.95361328125,99.1485824584961,1.22605395317078,1.33119249343872
149,3815517.5,5513.966796875,103.178337097168,1.18884634971619,1.33346676826477
150,3815517.5,5513.966796875,103.178337097168,1.18884634971619,1.33346676826477
151,3771468,5300.1337890625,99.8534240722656,1.21931648254395,1.33364844322205
152,3771468,5300.1337890625,99.8534240722656,1.21931648254395,1.33364844322205
153,3771468,5300.1337890625,99.8534240722656,1.21931648254395,1.33364844322205
154,3771468,5300.1337890625,99.8534240722656,1.21931648254395,1.33364844322205
155,3771108.5,5176.72998046875,96.9925155639648,1.17026042938232,1.33587431907654
156,3771108.5,5176.72998046875,96.9925155639648,1.17026042938232,1.33587431907654
157,3771108.5,5176.72998046875,96.9925155639648,1.17026042938232,1.33587431907654
158,3771108.5,5176.72998046875,96.9925155639648,1.17026042938232,1.33587431907654
159,3771108.5,5176.72998046875,96.9925155639648,1.17026042938232,1.33587431907654
160,3771108.5,5176.72998046875,96.9925155639648,1.17026042938232,1.33587431907654
161,3808209.25,5360.46142578125,100.536338806152,1.15844976902008,1.33635306358337
162,3808209.25,5360.46142578125,100.536338806152,1.15844976902008,1.33635306358337
163,3808209.25,5360.46142578125,100.536338806152,1.15844976902008,1.33635306358337
164,3808209.25,5360.46142578125,100.536338806152,1.15844976902008,1.33635306358337
165,3808209.25,5360.46142578125,100.536338806152,1.15844976902008,1.33635306358337
166,3808209.25,5360.46142578125,100.536338806152,1.15844976902008,1.33635306358337
167,3816233.25,5384.92529296875,101.138618469238,1.1506519317627,1.33592355251312
168,3817055.5,5362.22509765625,100.539978027344,1.1483473777771,1.33552396297455
169,3867332.75,5751.29296875,107.181938171387,1.16247463226318,1.33549964427948
170,3863805,5642.31689453125,105.340072631836,1.14728605747223,1.33499777317047
171,3863805,5642.31689453125,105.340072631836,1.14728605747223,1.33499777317047
172,3849220.5,5638.396484375,104.692123413086,1.17284429073334,1.33553302288055
173,3849220.5,5638.396484375,104.692123413086,1.17284429073334,1.33553302288055
174,3815724.5,5417.94482421875,100.295234680176,1.16538035869598,1.33722519874573
175,3815724.5,5417.94482421875,100.295234680176,1.16538035869598,1.33722519874573
176,3815724.5,5417.94482421875,100.295234680176,1.16538035869598,1.33722519874573
177,3815724.5,5417.94482421875,100.295234680176,1.16538035869598,1.33722519874573
178,3815724.5,5417.94482421875,100.295234680176,1.16538035869598,1.33722519874573
179,3815724.5,5417.94482421875,100.295234680176,1.16538035869598,1.33722519874573
180,3815724.5,5417.94482421875,100.295234680176,1.16538035869598,1.33722519874573
181,3788818.75,5259.7353515625,97.279411315918,1.15968060493469,1.33726239204407
182,3785967,5320.509765625,99.5025482177734,1.1811945438385,1.33705186843872
183,3785967,5320.509765625,99.5025482177734,1.1811945438385,1.33705186843872
184,3785967,5320.509765625,99.5025482177734,1.1811945438385,1.33705186843872
185,3785967,5320.509765625,99.5025482177734,1.1811945438385,1.33705186843872
186,3785967,5320.509765625,99.5025482177734,1.1811945438385,1.33705186843872
187,3785967,5320.509765625,99.5025482177734,1.1811945438385,1.33705186843872
188,3785967,5320.509765625,99.5025482177734,1.1811945438385,1.33705186843872
189,3729967.25,4995.17041015625,93.3827972412109,1.19511997699738,1.33657515048981
190,3786412.5,5540.68310546875,103.997802734375,1.25106763839722,1.33754122257233
191,3811624.25,5849.94873046875,109.595809936523,1.28986644744873,1.33699679374695
192,3795026,5709.4423828125,106.558853149414,1.27754557132721,1.33665883541107
193,3795026,5709.4423828125,106.558853149414,1.27754557132721,1.33665883541107
194,3795026,5709.4423828125,106.558853149414,1.27754557132721,1.33665883541107
195,3795026,5709.4423828125,106.558853149414,1.27754557132721,1.33665883541107
196,3795026,5709.4423828125,106.558853149414,1.27754557132721,1.33665883541107
197,3795026,5709.4423828125,106.558853149414,1.27754557132721,1.33665883541107
198,3795026,5709.4423828125,106.558853149414,1.27754557132721,1.33665883541107
199,3795026,5709.4423828125,106.558853149414,1.27754557132721,1.33665883541107
200,3799415.75,5606.9462890625,104.286033630371,1.23961639404297,1.33552432060242
201,3799415.75,5606.9462890625,104.286033630371,1.23961639404297,1.33552432060242
202,3790547.25,5477.94287109375,102.036903381348,1.2159538269043,1.33597815036774
203,3790547.25,5477.94287109375,102.036903381348,1.2159538269043,1.33597815036774
204,3794597,5342.4443359375,99.5897521972656,1.17793011665344,1.33631896972656
205,3781795,5247.5634765625,97.8969192504883,1.17318320274353,1.33655536174774
206,3781795,5247.5634765625,97.8969192504883,1.17318320274353,1.33655536174774
207,3781795,5247.5634765625,97.8969192504883,1.17318320274353,1.33655536174774
208,3781795,5247.5634765625,97.8969192504883,1.17318320274353,1.33655536174774
209,3777338.5,5228.53125,97.7044525146484,1.17346251010895,1.33725214004517
210,3804021.25,5316.63232421875,99.4109344482422,1.15319240093231,1.33700406551361
211,3804021.25,5316.63232421875,99.4109344482422,1.15319240093231,1.33700406551361
212,3804021.25,5316.63232421875,99.4109344482422,1.15319240093231,1.33700406551361
213,3804021.25,5316.63232421875,99.4109344482422,1.15319240093231,1.33700406551361
214,3804021.25,5316.63232421875,99.4109344482422,1.15319240093231,1.33700406551361
215,3804021.25,5316.63232421875,99.4109344482422,1.15319240093231,1.33700406551361
216,3804021.25,5316.63232421875,99.4109344482422,1.15319240093231,1.33700406551361
217,3804021.25,5316.63232421875,99.4109344482422,1.15319240093231,1.33700406551361
218,3804021.25,5316.63232421875,99.4109344482422,1.15319240093231,1.33700406551361
219,3804021.25,5316.63232421875,99.4109344482422,1.15319240093231,1.33700406551361
220,3804021.25,5316.63232421875,99.4109344482422,1.15319240093231,1.33700406551361
221,3804021.25,5316.63232421875,99.4109344482422,1.15319240093231,1.33700406551361
222,3804021.25,5316.63232421875,99.4109344482422,1.15319240093231,1.33700406551361
223,3804021.25,5316.63232421875,99.4109344482422,1.15319240093231,1.33700406551361
224,3804021.25,5316.63232421875,99.4109344482422,1.15319240093231,1.33700406551361
225,3798872,5458.47705078125,100.960754394531,1.19539153575897,1.33557784557343
226,3798872,5458.47705078125,100.960754394531,1.19539153575897,1.33557784557343
227,3790676.5,5459.00634765625,100.637649536133,1.20813047885895,1.3372243642807
228,3790676.5,5459.00634765625,100.637649536133,1.20813047885895,1.3372243642807
229,3749668.25,5289.74609375,97.7068939208984,1.23388636112213,1.33720135688782
230,3749668.25,5289.74609375,97.7068939208984,1.23388636112213,1.33720135688782
231,3699610.25,4767.6181640625,87.9214630126953,1.16642653942108,1.33824396133423
232,3699610.25,4767.6181640625,87.9214630126953,1.16642653942108,1.33824396133423
233,3704577.25,4898.60400390625,90.5657272338867,1.20238983631134,1.33852183818817
234,3694830,4918.88330078125,91.4320220947266,1.23594057559967,1.3389949798584
235,3683445.75,4735.64404296875,88.7436599731445,1.20889580249786,1.33894026279449
236,3663746.75,4564.15087890625,84.6577606201172,1.17835938930511,1.3396897315979
237,3672930.25,4640.5380859375,85.9352340698242,1.18428981304169,1.34004855155945
238,3684904.5,4754.1611328125,87.8593521118164,1.19769024848938,1.33994972705841
239,3684904.5,4754.1611328125,87.8593521118164,1.19769024848938,1.33994972705841
240,3684904.5,4754.1611328125,87.8593521118164,1.19769024848938,1.33994972705841
241,3684904.5,4754.1611328125,87.8593521118164,1.19769024848938,1.33994972705841
242,3684904.5,4754.1611328125,87.8593521118164,1.19769024848938,1.33994972705841
243,3684904.5,4754.1611328125,87.8593521118164,1.19769024848938,1.33994972705841
244,3684904.5,4754.1611328125,87.8593521118164,1.19769024848938,1.33994972705841
245,3684904.5,4754.1611328125,87.8593521118164,1.19769024848938,1.33994972705841
246,3684904.5,4754.1611328125,87.8593521118164,1.19769024848938,1.33994972705841
247,3684904.5,4754.1611328125,87.8593521118164,1.19769024848938,1.33994972705841
248,3684904.5,4754.1611328125,87.8593521118164,1.19769024848938,1.33994972705841
249,3684904.5,4754.1611328125,87.8593521118164,1.19769024848938,1.33994972705841
250,3684904.5,4754.1611328125,87.8593521118164,1.19769024848938,1.33994972705841
251,3684904.5,4754.1611328125,87.8593521118164,1.19769024848938,1.33994972705841
252,3684904.5,4754.1611328125,87.8593521118164,1.19769024848938,1.33994972705841
253,3684904.5,4754.1611328125,87.8593521118164,1.19769024848938,1.33994972705841
254,3684904.5,4754.1611328125,87.8593521118164,1.19769024848938,1.33994972705841
255,3684904.5,4754.1611328125,87.8593521118164,1.19769024848938,1.33994972705841
256,3684904.5,4754.1611328125,87.8593521118164,1.19769024848938,1.33994972705841
257,3684904.5,4754.1611328125,87.8593521118164,1.19769024848938,1.33994972705841
258,3698145.5,4852.51708984375,89.083869934082,1.19789624214172,1.33906221389771
259,3700995.75,4937.81494140625,90.8026351928711,1.21605885028839,1.33843874931335
260,3676234.75,4826.0849609375,89.1886672973633,1.23257780075073,1.33790552616119
261,3686928,4862.47802734375,89.7587203979492,1.22529590129852,1.33880710601807
262,3686928,4862.47802734375,89.7587203979492,1.22529590129852,1.33880710601807
263,3696599.75,4804.27978515625,88.6077499389648,1.18835711479187,1.33925580978394
264,3696599.75,4804.27978515625,88.6077499389648,1.18835711479187,1.33925580978394
265,3696599.75,4804.27978515625,88.6077499389648,1.18835711479187,1.33925580978394
266,3696599.75,4804.27978515625,88.6077499389648,1.18835711479187,1.33925580978394
267,3701076,4871.66796875,90.0414428710938,1.19921159744263,1.3390918970108
268,3701076,4871.66796875,90.0414428710938,1.19921159744263,1.3390918970108
269,3701076,4871.66796875,90.0414428710938,1.19921159744263,1.3390918970108
270,3701076,4871.66796875,90.0414428710938,1.19921159744263,1.3390918970108
271,3701076,4871.66796875,90.0414428710938,1.19921159744263,1.3390918970108
272,3701076,4871.66796875,90.0414428710938,1.19921159744263,1.3390918970108
273,3701076,4871.66796875,90.0414428710938,1.19921159744263,1.3390918970108
274,3701076,4871.66796875,90.0414428710938,1.19921159744263,1.3390918970108
275,3701076,4871.66796875,90.0414428710938,1.19921159744263,1.3390918970108
276,3701076,4871.66796875,90.0414428710938,1.19921159744263,1.3390918970108
277,3701076,4871.66796875,90.0414428710938,1.19921159744263,1.3390918970108
278,3701076,4871.66796875,90.0414428710938,1.19921159744263,1.3390918970108
279,3701076,4871.66796875,90.0414428710938,1.19921159744263,1.3390918970108
280,3701076,4871.66796875,90.0414428710938,1.19921159744263,1.3390918970108
281,3701076,4871.66796875,90.0414428710938,1.19921159744263,1.3390918970108
282,3701076,4871.66796875,90.0414428710938,1.19921159744263,1.3390918970108
283,3701076,4871.66796875,90.0414428710938,1.19921159744263,1.3390918970108
284,3701076,4871.66796875,90.0414428710938,1.19921159744263,1.3390918970108
285,3701076,4871.66796875,90.0414428710938,1.19921159744263,1.3390918970108
286,3701076,4871.66796875,90.0414428710938,1.19921159744263,1.3390918970108
287,3701076,4871.66796875,90.0414428710938,1.19921159744263,1.3390918970108
288,3701076,4871.66796875,90.0414428710938,1.19921159744263,1.3390918970108
289,3701076,4871.66796875,90.0414428710938,1.19921159744263,1.3390918970108
290,3701076,4871.66796875,90.0414428710938,1.19921159744263,1.3390918970108
291,3701076,4871.66796875,90.0414428710938,1.19921159744263,1.3390918970108
292,3701076,4871.66796875,90.0414428710938,1.19921159744263,1.3390918970108
293,3701076,4871.66796875,90.0414428710938,1.19921159744263,1.3390918970108
294,3665553,4770.353515625,88.5283737182617,1.23350727558136,1.34045970439911
295,3675854.75,4958.14306640625,91.1760177612305,1.25922560691833,1.34242904186249
296,3675309.5,4881.41796875,90.4292755126953,1.24756121635437,1.34266698360443
297,3675309.5,4881.41796875,90.4292755126953,1.24756121635437,1.34266698360443
298,3675309.5,4881.41796875,90.4292755126953,1.24756121635437,1.34266698360443
299,3675309.5,4881.41796875,90.4292755126953,1.24756121635437,1.34266698360443
300,3663451,4700.47705078125,86.7424240112305,1.20164155960083,1.34327042102814
301,3649962.5,4618.26806640625,85.7858200073242,1.20563507080078,1.34284639358521
302,3646823,4638.22705078125,85.8708877563477,1.21420049667358,1.34450030326843
303,3708518,4950.9130859375,90.7600021362305,1.1838960647583,1.34423041343689
304,3708518,4950.9130859375,90.7600021362305,1.1838960647583,1.34423041343689
305,3708518,4950.9130859375,90.7600021362305,1.1838960647583,1.34423041343689
306,3704280.75,4953.28662109375,90.7299194335938,1.19911444187164,1.34255933761597
307,3704280.75,4953.28662109375,90.7299194335938,1.19911444187164,1.34255933761597
308,3704280.75,4953.28662109375,90.7299194335938,1.19911444187164,1.34255933761597
309,3704280.75,4953.28662109375,90.7299194335938,1.19911444187164,1.34255933761597
310,3720469.75,4943.47314453125,90.281982421875,1.1657018661499,1.34308123588562
311,3720469.75,4943.47314453125,90.281982421875,1.1657018661499,1.34308123588562
312,3720616,4970.2587890625,90.9686050415039,1.17270731925964,1.34482645988464
313,3720616,4970.2587890625,90.9686050415039,1.17270731925964,1.34482645988464
314,3720616,4970.2587890625,90.9686050415039,1.17270731925964,1.34482645988464
315,3675903.75,4708.8974609375,86.1416854858398,1.17702746391296,1.34546911716461
316,3675383.25,4790.93212890625,88.8143157958984,1.19542837142944,1.3470253944397
317,3701986.5,4975.45361328125,92.5347061157227,1.20958924293518,1.3461731672287
318,3701986.5,4975.45361328125,92.5347061157227,1.20958924293518,1.3461731672287
319,3695211,5063.318359375,93.1858139038086,1.24415171146393,1.34623169898987
320,3655443.25,4760.33203125,87.5480117797852,1.22420179843903,1.34859788417816
321,3652650.5,4560.0048828125,84.2111358642578,1.18530750274658,1.34736430644989
322,3700290.75,4872.5615234375,90.1204605102539,1.18241739273071,1.34855616092682
323,3700290.75,4872.5615234375,90.1204605102539,1.18241739273071,1.34855616092682
324,3700290.75,4872.5615234375,90.1204605102539,1.18241739273071,1.34855616092682
325,3700290.75,4872.5615234375,90.1204605102539,1.18241739273071,1.34855616092682
326,3700290.75,4872.5615234375,90.1204605102539,1.18241739273071,1.34855616092682
327,3700290.75,4872.5615234375,90.1204605102539,1.18241739273071,1.34855616092682
328,3700290.75,4872.5615234375,90.1204605102539,1.18241739273071,1.34855616092682
329,3700290.75,4872.5615234375,90.1204605102539,1.18241739273071,1.34855616092682
330,3700290.75,4872.5615234375,90.1204605102539,1.18241739273071,1.34855616092682
331,3700290.75,4872.5615234375,90.1204605102539,1.18241739273071,1.34855616092682
332,3700290.75,4872.5615234375,90.1204605102539,1.18241739273071,1.34855616092682
333,3725843.25,5035.90283203125,92.9848709106445,1.18634796142578,1.34871172904968
334,3710017.75,5017.42041015625,91.9013214111328,1.20679807662964,1.34866786003113
335,3738596.75,5278.146484375,96.8640823364258,1.21425926685333,1.3491872549057
336,3755576,5215.27734375,95.930290222168,1.1726359128952,1.34920918941498
337,3755576,5215.27734375,95.930290222168,1.1726359128952,1.34920918941498
338,3771803.5,5378.05859375,98.888069152832,1.19610738754272,1.34767878055573
339,3771803.5,5378.05859375,98.888069152832,1.19610738754272,1.34767878055573
340,3771803.5,5378.05859375,98.888069152832,1.19610738754272,1.34767878055573
341,3791550,5467.61376953125,100.131767272949,1.17749989032745,1.34739685058594
342,3778055.25,5237.33837890625,96.3582458496094,1.15054202079773,1.34742820262909
343,3778055.25,5237.33837890625,96.3582458496094,1.15054202079773,1.34742820262909
344,3794385.25,5220.4677734375,96.3129653930664,1.12008929252625,1.34653556346893
345,3804567.5,5344.0986328125,98.2426681518555,1.12895631790161,1.34616959095001
346,3806047.75,5580.18701171875,102.93465423584,1.19580912590027,1.3466876745224
347,3791233.25,5644.640625,103.885322570801,1.23115801811218,1.34897446632385
348,3762250.25,5488.94677734375,101.144088745117,1.25011324882507,1.34652495384216
349,3784490.25,5536.9013671875,101.394485473633,1.2080956697464,1.34714472293854
350,3764812.25,5293.5517578125,96.8380279541016,1.18158149719238,1.34720826148987
351,3764812.25,5293.5517578125,96.8380279541016,1.18158149719238,1.34720826148987
352,3764812.25,5293.5517578125,96.8380279541016,1.18158149719238,1.34720826148987
353,3764812.25,5293.5517578125,96.8380279541016,1.18158149719238,1.34720826148987
354,3764812.25,5293.5517578125,96.8380279541016,1.18158149719238,1.34720826148987
355,3726323.75,5064.8974609375,92.8791046142578,1.18814015388489,1.34733104705811
356,3726323.75,5064.8974609375,92.8791046142578,1.18814015388489,1.34733104705811
357,3780577.5,5346.0517578125,99.13037109375,1.17454946041107,1.34641313552856
358,3733800.5,4934.51513671875,91.1594772338867,1.14553022384644,1.34697473049164
359,3733800.5,4934.51513671875,91.1594772338867,1.14553022384644,1.34697473049164
360,3733800.5,4934.51513671875,91.1594772338867,1.14553022384644,1.34697473049164
361,3739175.25,5059.7001953125,93.2882385253906,1.17351639270782,1.34687912464142
362,3739175.25,5059.7001953125,93.2882385253906,1.17351639270782,1.34687912464142
363,3739175.25,5059.7001953125,93.2882385253906,1.17351639270782,1.34687912464142
364,3723348.5,5023.705078125,93.1791076660156,1.19496810436249,1.3475753068924
365,3703208.5,4994.54443359375,92.59228515625,1.2207350730896,1.34867453575134
366,3716440.75,5072.52880859375,94.3540649414062,1.21891713142395,1.34952747821808
367,3723361,5115.498046875,95.1345367431641,1.22296488285065,1.3501318693161
368,3723361,5115.498046875,95.1345367431641,1.22296488285065,1.3501318693161
369,3723361,5115.498046875,95.1345367431641,1.22296488285065,1.3501318693161
370,3723361,5115.498046875,95.1345367431641,1.22296488285065,1.3501318693161
371,3723361,5115.498046875,95.1345367431641,1.22296488285065,1.3501318693161
372,3723361,5115.498046875,95.1345367431641,1.22296488285065,1.3501318693161
373,3725513.25,5186.4736328125,96.4791259765625,1.23993492126465,1.34933257102966
374,3744978.25,5159.67236328125,97.124397277832,1.19108498096466,1.35021209716797
375,3770562.25,5323.25244140625,100.3701171875,1.18859148025513,1.3523360490799
376,3779681.25,5453.6572265625,102.610450744629,1.20967435836792,1.35243046283722
377,3731937.25,5214.9619140625,98.2284164428711,1.23154377937317,1.35296869277954
378,3700485,5139.884765625,96.9629364013672,1.27045023441315,1.35344159603119
379,3695112,5150.39794921875,96.9877014160156,1.28017556667328,1.35425841808319
380,3695112,5150.39794921875,96.9877014160156,1.28017556667328,1.35425841808319
381,3682097,4981.76123046875,93.7667617797852,1.24762797355652,1.35373532772064
382,3708390.25,5188.88623046875,97.7105484008789,1.26269662380219,1.35316395759583
383,3708390.25,5188.88623046875,97.7105484008789,1.26269662380219,1.35316395759583
384,3741889.25,5592.92626953125,104.468406677246,1.31942319869995,1.35312676429749
385,3741889.25,5592.92626953125,104.468406677246,1.31942319869995,1.35312676429749
386,3741889.25,5592.92626953125,104.468406677246,1.31942319869995,1.35312676429749
387,3741889.25,5592.92626953125,104.468406677246,1.31942319869995,1.35312676429749
388,3741889.25,5592.92626953125,104.468406677246,1.31942319869995,1.35312676429749
389,3741889.25,5592.92626953125,104.468406677246,1.31942319869995,1.35312676429749
390,3741889.25,5592.92626953125,104.468406677246,1.31942319869995,1.35312676429749
391,3741889.25,5592.92626953125,104.468406677246,1.31942319869995,1.35312676429749
392,3741889.25,5592.92626953125,104.468406677246,1.31942319869995,1.35312676429749
393,3741889.25,5592.92626953125,104.468406677246,1.31942319869995,1.35312676429749
394,3741889.25,5592.92626953125,104.468406677246,1.31942319869995,1.35312676429749
395,3741889.25,5592.92626953125,104.468406677246,1.31942319869995,1.35312676429749
396,3741889.25,5592.92626953125,104.468406677246,1.31942319869995,1.35312676429749
397,3741889.25,5592.92626953125,104.468406677246,1.31942319869995,1.35312676429749
398,3741889.25,5592.92626953125,104.468406677246,1.31942319869995,1.35312676429749
399,3682993,5150.44873046875,95.3715591430664,1.29828464984894,1.3537163734436
400,3682993,5150.44873046875,95.3715591430664,1.29828464984894,1.3537163734436
401,3682993,5150.44873046875,95.3715591430664,1.29828464984894,1.3537163734436
402,3652685.75,4970.3671875,91.4001770019531,1.29755568504333,1.35221469402313
403,3628608.25,4732.11865234375,86.6440200805664,1.2704085111618,1.35211908817291
404,3628608.25,4732.11865234375,86.6440200805664,1.2704085111618,1.35211908817291
405,3628608.25,4732.11865234375,86.6440200805664,1.2704085111618,1.35211908817291
406,3628608.25,4732.11865234375,86.6440200805664,1.2704085111618,1.35211908817291
407,3655967.25,4827.84228515625,88.9268951416016,1.25401091575623,1.35218918323517
408,3658875.25,4872.115234375,89.4529571533203,1.24440741539001,1.35141479969025
409,3658875.25,4872.115234375,89.4529571533203,1.24440741539001,1.35141479969025
410,3672271,4711.3427734375,86.6432723999023,1.16902601718903,1.35155308246613
411,3704798.75,5031.720703125,92.117301940918,1.20152807235718,1.35264432430267
412,3704798.75,5031.720703125,92.117301940918,1.20152807235718,1.35264432430267
413,3724171,5211.8681640625,95.4894638061523,1.22490632534027,1.35038256645203
414,3697538.25,5024.11962890625,92.0329437255859,1.22087728977203,1.34974789619446
415,3697538.25,5024.11962890625,92.0329437255859,1.22087728977203,1.34974789619446
416,3700411.25,5042.3115234375,93.108039855957,1.23086822032928,1.35040628910065
417,3719133.25,5091.154296875,93.8704833984375,1.20167875289917,1.35126268863678
418,3719133.25,5091.154296875,93.8704833984375,1.20167875289917,1.35126268863678
419,3719133.25,5091.154296875,93.8704833984375,1.20167875289917,1.35126268863678
420,3735987.25,5203.0546875,96.6312942504883,1.2080385684967,1.35088276863098
421,3735987.25,5203.0546875,96.6312942504883,1.2080385684967,1.35088276863098
422,3735280.25,5105.36962890625,95.5450286865234,1.18722558021545,1.34952688217163
423,3735280.25,5105.36962890625,95.5450286865234,1.18722558021545,1.34952688217163
424,3722826.75,5057.06103515625,94.499641418457,1.19586932659149,1.34983086585999
425,3700393.5,5029.013671875,93.5699234008789,1.22522282600403,1.35079348087311
426,3700393.5,5029.013671875,93.5699234008789,1.22522282600403,1.35079348087311
427,3690670.75,4924.7919921875,91.7401504516602,1.2046639919281,1.351527094841
428,3686736.5,4724.712890625,87.3097763061523,1.15582311153412,1.35131061077118
429,3689450,4871.33154296875,89.8645858764648,1.18594574928284,1.35050451755524
430,3684651.75,4681.4423828125,85.7046203613281,1.14594030380249,1.35041558742523
431,3620067,4360.14794921875,79.837532043457,1.16509258747101,1.35065615177155
432,3620067,4360.14794921875,79.837532043457,1.16509258747101,1.35065615177155
433,3652919,4505.982421875,82.4792251586914,1.1376781463623,1.35309267044067
434,3667134.75,4740.974609375,87.1129989624023,1.19157767295837,1.35239458084106
435,3667134.75,4740.974609375,87.1129989624023,1.19157767295837,1.35239458084106
436,3686622.5,4821.0546875,88.7791366577148,1.1862086057663,1.35285973548889
437,3637554,4627.88232421875,85.0078887939453,1.20216405391693,1.35697424411774
438,3637554,4627.88232421875,85.0078887939453,1.20216405391693,1.35697424411774
439,3617153.75,4418.50634765625,81.4268493652344,1.16972172260284,1.35815072059631
440,3674335,4776.3994140625,88.18212890625,1.16912341117859,1.35776793956757
441,3667434.5,4726.63916015625,87.8610382080078,1.18167638778687,1.35697913169861
442,3667434.5,4726.63916015625,87.8610382080078,1.18167638778687,1.35697913169861
443,3667434.5,4726.63916015625,87.8610382080078,1.18167638778687,1.35697913169861
444,3667434.5,4726.63916015625,87.8610382080078,1.18167638778687,1.35697913169861
445,3688371.25,4898.2216796875,91.373893737793,1.19287502765656,1.35686659812927
446,3688371.25,4898.2216796875,91.373893737793,1.19287502765656,1.35686659812927
447,3688371.25,4898.2216796875,91.373893737793,1.19287502765656,1.35686659812927
448,3688371.25,4898.2216796875,91.373893737793,1.19287502765656,1.35686659812927
449,3715023.5,5198.0625,97.0360107421875,1.24323260784149,1.35719990730286
450,3738720.5,5401.708984375,101.500244140625,1.26853454113007,1.35758173465729
451,3743725,5353.74853515625,101.095756530762,1.24389433860779,1.35874938964844
452,3743725,5353.74853515625,101.095756530762,1.24389433860779,1.35874938964844
453,3743725,5353.74853515625,101.095756530762,1.24389433860779,1.35874938964844
454,3743725,5353.74853515625,101.095756530762,1.24389433860779,1.35874938964844
455,3743725,5353.74853515625,101.095756530762,1.24389433860779,1.35874938964844
456,3771079,5507.1064453125,102.813095092773,1.22771859169006,1.35847091674805
457,3771079,5507.1064453125,102.813095092773,1.22771859169006,1.35847091674805
458,3771079,5507.1064453125,102.813095092773,1.22771859169006,1.35847091674805
459,3746152,5450.70947265625,101.749450683594,1.26000678539276,1.35863721370697
460,3746152,5450.70947265625,101.749450683594,1.26000678539276,1.35863721370697
461,3768791,5545.5732421875,103.468574523926,1.24906182289124,1.35816979408264
462,3747979.5,5385.93603515625,101.335632324219,1.24590396881104,1.3577733039856
463,3779431.5,5583.43505859375,105.464981079102,1.24730587005615,1.35705018043518
464,3779431.5,5583.43505859375,105.464981079102,1.24730587005615,1.35705018043518
465,3765566.5,5599.59814453125,105.780639648438,1.2840279340744,1.35730135440826
466,3753461.75,5408.619140625,102.840301513672,1.26417315006256,1.35671532154083
467,3753461.75,5408.619140625,102.840301513672,1.26417315006256,1.35671532154083
468,3753461.75,5408.619140625,102.840301513672,1.26417315006256,1.35671532154083
469,3753461.75,5408.619140625,102.840301513672,1.26417315006256,1.35671532154083
470,3753461.75,5408.619140625,102.840301513672,1.26417315006256,1.35671532154083
471,3753461.75,5408.619140625,102.840301513672,1.26417315006256,1.35671532154083
472,3753461.75,5408.619140625,102.840301513672,1.26417315006256,1.35671532154083
473,3753461.75,5408.619140625,102.840301513672,1.26417315006256,1.35671532154083
474,3753461.75,5408.619140625,102.840301513672,1.26417315006256,1.35671532154083
475,3753461.75,5408.619140625,102.840301513672,1.26417315006256,1.35671532154083
476,3753461.75,5408.619140625,102.840301513672,1.26417315006256,1.35671532154083
477,3753461.75,5408.619140625,102.840301513672,1.26417315006256,1.35671532154083
478,3753461.75,5408.619140625,102.840301513672,1.26417315006256,1.35671532154083
479,3753461.75,5408.619140625,102.840301513672,1.26417315006256,1.35671532154083
480,3753461.75,5408.619140625,102.840301513672,1.26417315006256,1.35671532154083
481,3753461.75,5408.619140625,102.840301513672,1.26417315006256,1.35671532154083
482,3753461.75,5408.619140625,102.840301513672,1.26417315006256,1.35671532154083
483,3753461.75,5408.619140625,102.840301513672,1.26417315006256,1.35671532154083
484,3753461.75,5408.619140625,102.840301513672,1.26417315006256,1.35671532154083
485,3753461.75,5408.619140625,102.840301513672,1.26417315006256,1.35671532154083
486,3753461.75,5408.619140625,102.840301513672,1.26417315006256,1.35671532154083
487,3753461.75,5408.619140625,102.840301513672,1.26417315006256,1.35671532154083
488,3753461.75,5408.619140625,102.840301513672,1.26417315006256,1.35671532154083
489,3753461.75,5408.619140625,102.840301513672,1.26417315006256,1.35671532154083
490,3753461.75,5408.619140625,102.840301513672,1.26417315006256,1.35671532154083
491,3753461.75,5408.619140625,102.840301513672,1.26417315006256,1.35671532154083
492,3753461.75,5408.619140625,102.840301513672,1.26417315006256,1.35671532154083
493,3753461.75,5408.619140625,102.840301513672,1.26417315006256,1.35671532154083
494,3753461.75,5408.619140625,102.840301513672,1.26417315006256,1.35671532154083
495,3753461.75,5408.619140625,102.840301513672,1.26417315006256,1.35671532154083
496,3753461.75,5408.619140625,102.840301513672,1.26417315006256,1.35671532154083
497,3753461.75,5408.619140625,102.840301513672,1.26417315006256,1.35671532154083
498,3753461.75,5408.619140625,102.840301513672,1.26417315006256,1.35671532154083
499,3753461.75,5408.619140625,102.840301513672,1.26417315006256,1.35671532154083
500,3753461.75,5408.619140625,102.840301513672,1.26417315006256,1.35671532154083
501,3753461.75,5408.619140625,102.840301513672,1.26417315006256,1.35671532154083
502,3753461.75,5408.619140625,102.840301513672,1.26417315006256,1.35671532154083
503,3753461.75,5408.619140625,102.840301513672,1.26417315006256,1.35671532154083
504,3753461.75,5408.619140625,102.840301513672,1.26417315006256,1.35671532154083
505,3753461.75,5408.619140625,102.840301513672,1.26417315006256,1.35671532154083
506,3753461.75,5408.619140625,102.840301513672,1.26417315006256,1.35671532154083
507,3753461.75,5408.619140625,102.840301513672,1.26417315006256,1.35671532154083
508,3753461.75,5408.619140625,102.840301513672,1.26417315006256,1.35671532154083
509,3753461.75,5408.619140625,102.840301513672,1.26417315006256,1.35671532154083
510,3753461.75,5408.619140625,102.840301513672,1.26417315006256,1.35671532154083
511,3753461.75,5408.619140625,102.840301513672,1.26417315006256,1.35671532154083
512,3753461.75,5408.619140625,102.840301513672,1.26417315006256,1.35671532154083
513,3753461.75,5408.619140625,102.840301513672,1.26417315006256,1.35671532154083
514,3753461.75,5408.619140625,102.840301513672,1.26417315006256,1.35671532154083
515,3753461.75,5408.619140625,102.840301513672,1.26417315006256,1.35671532154083
516,3753461.75,5408.619140625,102.840301513672,1.26417315006256,1.35671532154083
517,3753461.75,5408.619140625,102.840301513672,1.26417315006256,1.35671532154083
518,3753461.75,5408.619140625,102.840301513672,1.26417315006256,1.35671532154083
519,3753461.75,5408.619140625,102.840301513672,1.26417315006256,1.35671532154083
520,3753461.75,5408.619140625,102.840301513672,1.26417315006256,1.35671532154083
521,3753461.75,5408.619140625,102.840301513672,1.26417315006256,1.35671532154083
522,3753461.75,5408.619140625,102.840301513672,1.26417315006256,1.35671532154083
523,3753461.75,5408.619140625,102.840301513672,1.26417315006256,1.35671532154083
524,3753461.75,5408.619140625,102.840301513672,1.26417315006256,1.35671532154083
525,3753461.75,5408.619140625,102.840301513672,1.26417315006256,1.35671532154083
526,3753461.75,5408.619140625,102.840301513672,1.26417315006256,1.35671532154083
527,3756207,5346.5927734375,101.58122253418,1.23750197887421,1.3558177947998
528,3756207,5346.5927734375,101.58122253418,1.23750197887421,1.3558177947998
529,3756207,5346.5927734375,101.58122253418,1.23750197887421,1.3558177947998
530,3756207,5346.5927734375,101.58122253418,1.23750197887421,1.3558177947998
531,3756207,5346.5927734375,101.58122253418,1.23750197887421,1.3558177947998
532,3756207,5346.5927734375,101.58122253418,1.23750197887421,1.3558177947998
533,3756207,5346.5927734375,101.58122253418,1.23750197887421,1.3558177947998
534,3775688,5527.482421875,105.542213439941,1.24979960918427,1.35596191883087
535,3771109,5434.45458984375,103.307975769043,1.23288786411285,1.35570454597473
536,3771109,5434.45458984375,103.307975769043,1.23288786411285,1.35570454597473
537,3782191.25,5494.43310546875,104.57559967041,1.23246347904205,1.35678172111511
538,3782191.25,5494.43310546875,104.57559967041,1.23246347904205,1.35678172111511
539,3782191.25,5494.43310546875,104.57559967041,1.23246347904205,1.35678172111511
540,3791758.75,5599.4296875,106.686477661133,1.24205219745636,1.35586035251617
541,3791758.75,5599.4296875,106.686477661133,1.24205219745636,1.35586035251617
542,3780374.5,5428.48291015625,103.673614501953,1.2270849943161,1.35479855537415
543,3783526.25,5679.79736328125,108.465339660645,1.28567957878113,1.3542788028717
544,3783526.25,5679.79736328125,108.465339660645,1.28567957878113,1.3542788028717
545,3779273.25,5612.5322265625,108.069694519043,1.2750141620636,1.35452377796173
546,3779273.25,5612.5322265625,108.069694519043,1.2750141620636,1.35452377796173
547,3794059.75,5743.12109375,111.179534912109,1.29926013946533,1.35489618778229
548,3794059.75,5743.12109375,111.179534912109,1.29926013946533,1.35489618778229
549,3794059.75,5743.12109375,111.179534912109,1.29926013946533,1.35489618778229
550,3794059.75,5743.12109375,111.179534912109,1.29926013946533,1.35489618778229
551,3794059.75,5743.12109375,111.179534912109,1.29926013946533,1.35489618778229
552,3794059.75,5743.12109375,111.179534912109,1.29926013946533,1.35489618778229
553,3794059.75,5743.12109375,111.179534912109,1.29926013946533,1.35489618778229
554,3794059.75,5743.12109375,111.179534912109,1.29926013946533,1.35489618778229
555,3766511.25,5448.07568359375,104.541381835938,1.25384557247162,1.35460805892944
556,3767088,5562.5146484375,106.92813873291,1.27918493747711,1.35458421707153
557,3767088,5562.5146484375,106.92813873291,1.27918493747711,1.35458421707153
558,3767088,5562.5146484375,106.92813873291,1.27918493747711,1.35458421707153
559,3767088,5562.5146484375,106.92813873291,1.27918493747711,1.35458421707153
560,3767088,5562.5146484375,106.92813873291,1.27918493747711,1.35458421707153
561,3767088,5562.5146484375,106.92813873291,1.27918493747711,1.35458421707153
562,3767088,5562.5146484375,106.92813873291,1.27918493747711,1.35458421707153
563,3767088,5562.5146484375,106.92813873291,1.27918493747711,1.35458421707153
564,3768108,5577.34228515625,107.871246337891,1.29872238636017,1.35444438457489
565,3718515.25,5357.0830078125,104.263671875,1.33325517177582,1.35279953479767
566,3693091.25,5103.7763671875,99.3767929077148,1.29808449745178,1.35374474525452
567,3693091.25,5103.7763671875,99.3767929077148,1.29808449745178,1.35374474525452
568,3693091.25,5103.7763671875,99.3767929077148,1.29808449745178,1.35374474525452
569,3693091.25,5103.7763671875,99.3767929077148,1.29808449745178,1.35374474525452
570,3693091.25,5103.7763671875,99.3767929077148,1.29808449745178,1.35374474525452
571,3693091.25,5103.7763671875,99.3767929077148,1.29808449745178,1.35374474525452
572,3693091.25,5103.7763671875,99.3767929077148,1.29808449745178,1.35374474525452
573,3728458.5,5223.77783203125,102.561058044434,1.27749681472778,1.35370671749115
574,3696051.25,5038.32763671875,99.2187042236328,1.27611565589905,1.35359883308411
575,3696051.25,5038.32763671875,99.2187042236328,1.27611565589905,1.35359883308411
576,3696051.25,5038.32763671875,99.2187042236328,1.27611565589905,1.35359883308411
577,3696051.25,5038.32763671875,99.2187042236328,1.27611565589905,1.35359883308411
578,3723310.5,5195.7158203125,101.645668029785,1.27427852153778,1.35241615772247
579,3658030.75,4836.890625,94.2619323730469,1.30498671531677,1.35052299499512
580,3696679,5072.8173828125,97.8438415527344,1.29424834251404,1.34960877895355
581,3721872.25,5270.240234375,102.112075805664,1.30294740200043,1.35047888755798
582,3689913.5,5034.3466796875,97.3647537231445,1.28846263885498,1.35076093673706
583,3726847.25,5137.16357421875,99.8017044067383,1.25628244876862,1.3488701581955
584,3762402.25,5384.546875,104.477760314941,1.25739741325378,1.34878218173981
585,3790945.5,5574.01513671875,106.870712280273,1.24803709983826,1.34907555580139
586,3795483.25,5520.70947265625,105.389259338379,1.22361886501312,1.34750986099243
587,3795483.25,5520.70947265625,105.389259338379,1.22361886501312,1.34750986099243
588,3795483.25,5520.70947265625,105.389259338379,1.22361886501312,1.34750986099243
589,3795483.25,5520.70947265625,105.389259338379,1.22361886501312,1.34750986099243
590,3795483.25,5520.70947265625,105.389259338379,1.22361886501312,1.34750986099243
591,3795483.25,5520.70947265625,105.389259338379,1.22361886501312,1.34750986099243
592,3795483.25,5520.70947265625,105.389259338379,1.22361886501312,1.34750986099243
593,3795483.25,5520.70947265625,105.389259338379,1.22361886501312,1.34750986099243
594,3795483.25,5520.70947265625,105.389259338379,1.22361886501312,1.34750986099243
595,3795483.25,5520.70947265625,105.389259338379,1.22361886501312,1.34750986099243
596,3795483.25,5520.70947265625,105.389259338379,1.22361886501312,1.34750986099243
597,3769976,5469.40771484375,103.908378601074,1.25674736499786,1.34627485275269
598,3758026.25,5506.27783203125,104.188888549805,1.27901017665863,1.34834933280945
599,3799372.25,5845.11865234375,110.486839294434,1.30578207969666,1.34707415103912
600,3812976.5,5925.0419921875,112.026222229004,1.30512452125549,1.34737384319305
601,3805971.5,5783.3408203125,110.31029510498,1.28033602237701,1.34658694267273
602,3805971.5,5783.3408203125,110.31029510498,1.28033602237701,1.34658694267273
603,3805971.5,5783.3408203125,110.31029510498,1.28033602237701,1.34658694267273
604,3780560.25,5501.33642578125,104.796562194824,1.24424505233765,1.34709239006042
605,3749815,5315.478515625,100.966690063477,1.25544357299805,1.34676516056061
606,3737283,5248.83349609375,99.879035949707,1.24140560626984,1.34613049030304
607,3738044,5023.61767578125,94.9764938354492,1.18293738365173,1.34848344326019
608,3762681,5343.3759765625,100.536804199219,1.21962440013885,1.34916269779205
609,3787424,5550.1328125,104.626846313477,1.22747659683228,1.34933030605316
610,3787424,5550.1328125,104.626846313477,1.22747659683228,1.34933030605316
611,3787424,5550.1328125,104.626846313477,1.22747659683228,1.34933030605316
612,3779540.5,5467.806640625,104.001945495605,1.22318148612976,1.34971964359283
613,3777293,5565.3603515625,105.020225524902,1.25742042064667,1.3485541343689
614,3788324,5391.72705078125,100.572792053223,1.19788086414337,1.34700810909271
615,3788324,5391.72705078125,100.572792053223,1.19788086414337,1.34700810909271
616,3788324,5391.72705078125,100.572792053223,1.19788086414337,1.34700810909271
617,3788324,5391.72705078125,100.572792053223,1.19788086414337,1.34700810909271
618,3788761.75,5367.7041015625,100.409126281738,1.19263279438019,1.34693312644958
619,3788761.75,5367.7041015625,100.409126281738,1.19263279438019,1.34693312644958
620,3783617.25,5281.53662109375,99.1338577270508,1.17173314094543,1.34724116325378
621,3793759.75,5169.57421875,95.9510345458984,1.12328803539276,1.34675681591034
622,3793759.75,5169.57421875,95.9510345458984,1.12328803539276,1.34675681591034
623,3793759.75,5169.57421875,95.9510345458984,1.12328803539276,1.34675681591034
624,3801000.75,5343.697265625,99.4953002929688,1.15463161468506,1.34679877758026
625,3779852,5351.31787109375,99.8387832641602,1.18853378295898,1.34748184680939
626,3779852,5351.31787109375,99.8387832641602,1.18853378295898,1.34748184680939
627,3792430.75,5446.3798828125,101.030670166016,1.18862545490265,1.3486887216568
628,3792430.75,5446.3798828125,101.030670166016,1.18862545490265,1.3486887216568
629,3805983.75,5509.35498046875,102.030639648438,1.17778778076172,1.3483898639679
630,3780392.5,5452.00537109375,100.207588195801,1.19845247268677,1.34881746768951
631,3737115.5,5141.99169921875,94.0227127075195,1.18846201896667,1.34654879570007
632,3753308.5,5175.2138671875,94.8067321777344,1.17223000526428,1.34707200527191
633,3753308.5,5175.2138671875,94.8067321777344,1.17223000526428,1.34707200527191
634,3753308.5,5175.2138671875,94.8067321777344,1.17223000526428,1.34707200527191
635,3765791.25,5331.14306640625,98.3222732543945,1.18975055217743,1.3472843170166
636,3733749.25,4952.392578125,91.7815856933594,1.13920831680298,1.34694087505341
637,3733749.25,4952.392578125,91.7815856933594,1.13920831680298,1.34694087505341
638,3733749.25,4952.392578125,91.7815856933594,1.13920831680298,1.34694087505341
639,3731864,4974.20068359375,91.2041397094727,1.15397453308105,1.34503018856049
640,3700007,4995.80859375,91.1363372802734,1.21509337425232,1.34519362449646
641,3700007,4995.80859375,91.1363372802734,1.21509337425232,1.34519362449646
642,3705539.5,5051.75830078125,92.1909942626953,1.22264850139618,1.34469103813171
643,3642542.25,4724.85595703125,86.3893280029297,1.25492799282074,1.34342443943024
644,3642542.25,4724.85595703125,86.3893280029297,1.25492799282074,1.34342443943024
645,3642542.25,4724.85595703125,86.3893280029297,1.25492799282074,1.34342443943024
646,3642542.25,4724.85595703125,86.3893280029297,1.25492799282074,1.34342443943024
647,3642542.25,4724.85595703125,86.3893280029297,1.25492799282074,1.34342443943024
648,3633465.75,4649.72265625,85.3378067016602,1.24665474891663,1.34489357471466
649,3617485.75,4460.5751953125,81.5924377441406,1.21530961990356,1.34568631649017
650,3619004.5,4565.83544921875,84.1343612670898,1.2578763961792,1.34724938869476
651,3628249.5,4448.06689453125,82.2903289794922,1.20196926593781,1.34751331806183
652,3628249.5,4448.06689453125,82.2903289794922,1.20196926593781,1.34751331806183
653,3628249.5,4448.06689453125,82.2903289794922,1.20196926593781,1.34751331806183
654,3628249.5,4448.06689453125,82.2903289794922,1.20196926593781,1.34751331806183
655,3628249.5,4448.06689453125,82.2903289794922,1.20196926593781,1.34751331806183
656,3634179,4457.9990234375,82.1875686645508,1.18573248386383,1.34862923622131
657,3634179,4457.9990234375,82.1875686645508,1.18573248386383,1.34862923622131
658,3639537.75,4516.00341796875,83.1764831542969,1.18685519695282,1.35057294368744
659,3639537.75,4516.00341796875,83.1764831542969,1.18685519695282,1.35057294368744
660,3639537.75,4516.00341796875,83.1764831542969,1.18685519695282,1.35057294368744
661,3639537.75,4516.00341796875,83.1764831542969,1.18685519695282,1.35057294368744
662,3639537.75,4516.00341796875,83.1764831542969,1.18685519695282,1.35057294368744
663,3639537.75,4516.00341796875,83.1764831542969,1.18685519695282,1.35057294368744
664,3640645.25,4536.42333984375,83.3972244262695,1.18737828731537,1.35122215747833
665,3640645.25,4536.42333984375,83.3972244262695,1.18737828731537,1.35122215747833
666,3675742.5,4941.52099609375,91.4651107788086,1.24416267871857,1.35186636447906
667,3707478,5077.78369140625,93.9873199462891,1.23019373416901,1.35185897350311
668,3707478,5077.78369140625,93.9873199462891,1.23019373416901,1.35185897350311
669,3707478,5077.78369140625,93.9873199462891,1.23019373416901,1.35185897350311
670,3707478,5077.78369140625,93.9873199462891,1.23019373416901,1.35185897350311
671,3707478,5077.78369140625,93.9873199462891,1.23019373416901,1.35185897350311
672,3707478,5077.78369140625,93.9873199462891,1.23019373416901,1.35185897350311
673,3707478,5077.78369140625,93.9873199462891,1.23019373416901,1.35185897350311
674,3707478,5077.78369140625,93.9873199462891,1.23019373416901,1.35185897350311
675,3707478,5077.78369140625,93.9873199462891,1.23019373416901,1.35185897350311
676,3709876,5200.7236328125,96.443000793457,1.26014482975006,1.3525173664093
677,3742586.25,5225.14990234375,96.6482391357422,1.20587456226349,1.35258400440216
678,3742586.25,5225.14990234375,96.6482391357422,1.20587456226349,1.35258400440216
679,3742586.25,5225.14990234375,96.6482391357422,1.20587456226349,1.35258400440216
680,3742586.25,5225.14990234375,96.6482391357422,1.20587456226349,1.35258400440216
681,3742586.25,5225.14990234375,96.6482391357422,1.20587456226349,1.35258400440216
682,3742586.25,5225.14990234375,96.6482391357422,1.20587456226349,1.35258400440216
683,3742586.25,5225.14990234375,96.6482391357422,1.20587456226349,1.35258400440216
684,3742586.25,5225.14990234375,96.6482391357422,1.20587456226349,1.35258400440216
685,3742586.25,5225.14990234375,96.6482391357422,1.20587456226349,1.35258400440216
686,3742586.25,5225.14990234375,96.6482391357422,1.20587456226349,1.35258400440216
687,3742586.25,5225.14990234375,96.6482391357422,1.20587456226349,1.35258400440216
688,3742586.25,5225.14990234375,96.6482391357422,1.20587456226349,1.35258400440216
689,3742586.25,5225.14990234375,96.6482391357422,1.20587456226349,1.35258400440216
690,3742586.25,5225.14990234375,96.6482391357422,1.20587456226349,1.35258400440216
691,3742586.25,5225.14990234375,96.6482391357422,1.20587456226349,1.35258400440216
692,3742586.25,5225.14990234375,96.6482391357422,1.20587456226349,1.35258400440216
693,3755129,5276.69970703125,97.8529815673828,1.20000803470612,1.35225069522858
694,3755129,5276.69970703125,97.8529815673828,1.20000803470612,1.35225069522858
695,3755129,5276.69970703125,97.8529815673828,1.20000803470612,1.35225069522858
696,3731497.25,5054.92431640625,94.1101303100586,1.17574846744537,1.35348677635193
697,3726947,5158.12353515625,95.481689453125,1.20666658878326,1.35327744483948
698,3752921.75,5331.458984375,98.0239486694336,1.20651865005493,1.35264182090759
699,3752921.75,5331.458984375,98.0239486694336,1.20651865005493,1.35264182090759
700,3758255.5,5271.89404296875,96.69140625,1.17762506008148,1.35196840763092
701,3758255.5,5271.89404296875,96.69140625,1.17762506008148,1.35196840763092
702,3758255.5,5271.89404296875,96.69140625,1.17762506008148,1.35196840763092
703,3739289,5091.86669921875,93.4870223999023,1.16384816169739,1.35199415683746
704,3767619.25,5160.90478515625,95.0340042114258,1.14144420623779,1.34985673427582
705,3767619.25,5160.90478515625,95.0340042114258,1.14144420623779,1.34985673427582
706,3767619.25,5160.90478515625,95.0340042114258,1.14144420623779,1.34985673427582
707,3767619.25,5160.90478515625,95.0340042114258,1.14144420623779,1.34985673427582
708,3767619.25,5160.90478515625,95.0340042114258,1.14144420623779,1.34985673427582
709,3767619.25,5160.90478515625,95.0340042114258,1.14144420623779,1.34985673427582
710,3797854.5,5260.3564453125,97.4841003417969,1.13212263584137,1.35063135623932
711,3797854.5,5260.3564453125,97.4841003417969,1.13212263584137,1.35063135623932
712,3797854.5,5260.3564453125,97.4841003417969,1.13212263584137,1.35063135623932
713,3797854.5,5260.3564453125,97.4841003417969,1.13212263584137,1.35063135623932
714,3797854.5,5260.3564453125,97.4841003417969,1.13212263584137,1.35063135623932
715,3797854.5,5260.3564453125,97.4841003417969,1.13212263584137,1.35063135623932
716,3797854.5,5260.3564453125,97.4841003417969,1.13212263584137,1.35063135623932
717,3798066.5,5434.98095703125,100.514190673828,1.17105042934418,1.35097599029541
718,3843108.75,5692.49072265625,104.973205566406,1.16559088230133,1.35127115249634
719,3843108.75,5692.49072265625,104.973205566406,1.16559088230133,1.35127115249634
720,3843108.75,5692.49072265625,104.973205566406,1.16559088230133,1.35127115249634
721,3843108.75,5692.49072265625,104.973205566406,1.16559088230133,1.35127115249634
722,3843108.75,5692.49072265625,104.973205566406,1.16559088230133,1.35127115249634
723,3843108.75,5692.49072265625,104.973205566406,1.16559088230133,1.35127115249634
724,3843108.75,5692.49072265625,104.973205566406,1.16559088230133,1.35127115249634
725,3843108.75,5692.49072265625,104.973205566406,1.16559088230133,1.35127115249634
726,3843108.75,5692.49072265625,104.973205566406,1.16559088230133,1.35127115249634
727,3843108.75,5692.49072265625,104.973205566406,1.16559088230133,1.35127115249634
728,3843108.75,5692.49072265625,104.973205566406,1.16559088230133,1.35127115249634
729,3843108.75,5692.49072265625,104.973205566406,1.16559088230133,1.35127115249634
730,3843108.75,5692.49072265625,104.973205566406,1.16559088230133,1.35127115249634
731,3843108.75,5692.49072265625,104.973205566406,1.16559088230133,1.35127115249634
732,3843108.75,5692.49072265625,104.973205566406,1.16559088230133,1.35127115249634
733,3843108.75,5692.49072265625,104.973205566406,1.16559088230133,1.35127115249634
734,3843108.75,5692.49072265625,104.973205566406,1.16559088230133,1.35127115249634
735,3843108.75,5692.49072265625,104.973205566406,1.16559088230133,1.35127115249634
736,3843108.75,5692.49072265625,104.973205566406,1.16559088230133,1.35127115249634
737,3843108.75,5692.49072265625,104.973205566406,1.16559088230133,1.35127115249634
738,3843108.75,5692.49072265625,104.973205566406,1.16559088230133,1.35127115249634
739,3843108.75,5692.49072265625,104.973205566406,1.16559088230133,1.35127115249634
740,3843108.75,5692.49072265625,104.973205566406,1.16559088230133,1.35127115249634
741,3843108.75,5692.49072265625,104.973205566406,1.16559088230133,1.35127115249634
742,3795655.25,5170.912109375,95.6218032836914,1.10502827167511,1.35337865352631
743,3795655.25,5170.912109375,95.6218032836914,1.10502827167511,1.35337865352631
744,3795655.25,5170.912109375,95.6218032836914,1.10502827167511,1.35337865352631
745,3763381.25,5017.876953125,93.4582061767578,1.11975634098053,1.35337615013123
746,3763381.25,5017.876953125,93.4582061767578,1.11975634098053,1.35337615013123
747,3763381.25,5017.876953125,93.4582061767578,1.11975634098053,1.35337615013123
748,3763381.25,5017.876953125,93.4582061767578,1.11975634098053,1.35337615013123
749,3763381.25,5017.876953125,93.4582061767578,1.11975634098053,1.35337615013123
750,3763381.25,5017.876953125,93.4582061767578,1.11975634098053,1.35337615013123
751,3763381.25,5017.876953125,93.4582061767578,1.11975634098053,1.35337615013123
752,3785146.5,5411.69873046875,99.8359069824219,1.17803657054901,1.35272109508514
753,3792118.75,5467.9375,100.594825744629,1.18830609321594,1.35154163837433
754,3817903.5,5758.69580078125,105.582618713379,1.20888936519623,1.35077118873596
755,3817903.5,5758.69580078125,105.582618713379,1.20888936519623,1.35077118873596
756,3817903.5,5758.69580078125,105.582618713379,1.20888936519623,1.35077118873596
757,3817903.5,5758.69580078125,105.582618713379,1.20888936519623,1.35077118873596
758,3817903.5,5758.69580078125,105.582618713379,1.20888936519623,1.35077118873596
759,3824951.25,5829.9443359375,106.924751281738,1.21943187713623,1.3493320941925
760,3824951.25,5829.9443359375,106.924751281738,1.21943187713623,1.3493320941925
761,3824951.25,5829.9443359375,106.924751281738,1.21943187713623,1.3493320941925
762,3824951.25,5829.9443359375,106.924751281738,1.21943187713623,1.3493320941925
763,3824951.25,5829.9443359375,106.924751281738,1.21943187713623,1.3493320941925
764,3824951.25,5829.9443359375,106.924751281738,1.21943187713623,1.3493320941925
765,3758919,5440.666015625,99.3689270019531,1.22835910320282,1.34914946556091
766,3769755.75,5563.03662109375,102.76554107666,1.24590492248535,1.35000705718994
767,3769755.75,5563.03662109375,102.76554107666,1.24590492248535,1.35000705718994
768,3769755.75,5563.03662109375,102.76554107666,1.24590492248535,1.35000705718994
769,3769755.75,5563.03662109375,102.76554107666,1.24590492248535,1.35000705718994
770,3769755.75,5563.03662109375,102.76554107666,1.24590492248535,1.35000705718994
771,3769755.75,5563.03662109375,102.76554107666,1.24590492248535,1.35000705718994
772,3769755.75,5563.03662109375,102.76554107666,1.24590492248535,1.35000705718994
773,3769755.75,5563.03662109375,102.76554107666,1.24590492248535,1.35000705718994
774,3769755.75,5563.03662109375,102.76554107666,1.24590492248535,1.35000705718994
775,3769755.75,5563.03662109375,102.76554107666,1.24590492248535,1.35000705718994
776,3795427.5,5788.32373046875,106.895484924316,1.26369094848633,1.34942328929901
777,3795427.5,5788.32373046875,106.895484924316,1.26369094848633,1.34942328929901
778,3795427.5,5788.32373046875,106.895484924316,1.26369094848633,1.34942328929901
779,3795427.5,5788.32373046875,106.895484924316,1.26369094848633,1.34942328929901
780,3795427.5,5788.32373046875,106.895484924316,1.26369094848633,1.34942328929901
781,3797745.75,5811.97314453125,106.536262512207,1.26161074638367,1.35017442703247
782,3797745.75,5811.97314453125,106.536262512207,1.26161074638367,1.35017442703247
783,3774265.75,5617.275390625,103.95662689209,1.24999618530273,1.3498363494873
784,3770470,5594.9619140625,103.259162902832,1.25829792022705,1.34978675842285
785,3775005.75,5599.7275390625,103.588577270508,1.25835251808167,1.34873640537262
786,3775142.75,5549.54052734375,103.158401489258,1.23470103740692,1.34970510005951
787,3771308.25,5558.328125,102.90648651123,1.25071549415588,1.35081434249878
788,3780898.75,5461.37548828125,101.34415435791,1.20154023170471,1.35091495513916
789,3780898.75,5461.37548828125,101.34415435791,1.20154023170471,1.35091495513916
790,3780898.75,5461.37548828125,101.34415435791,1.20154023170471,1.35091495513916
791,3807390.75,5523.11083984375,103.062126159668,1.18419826030731,1.35030615329742
792,3807390.75,5523.11083984375,103.062126159668,1.18419826030731,1.35030615329742
793,3788324,5556.06982421875,103.22925567627,1.21947026252747,1.35081481933594
794,3788324,5556.06982421875,103.22925567627,1.21947026252747,1.35081481933594
795,3797656.25,5474.791015625,102.110382080078,1.17754030227661,1.35012447834015
796,3800733.75,5349.34912109375,99.6765060424805,1.14427304267883,1.3495284318924
797,3800733.75,5349.34912109375,99.6765060424805,1.14427304267883,1.3495284318924
798,3800733.75,5349.34912109375,99.6765060424805,1.14427304267883,1.3495284318924
799,3796298.75,5247.36767578125,97.7272872924805,1.11889934539795,1.35006999969482
800,3796298.75,5247.36767578125,97.7272872924805,1.11889934539795,1.35006999969482
801,3796298.75,5247.36767578125,97.7272872924805,1.11889934539795,1.35006999969482
802,3796298.75,5247.36767578125,97.7272872924805,1.11889934539795,1.35006999969482
803,3791954.5,5224.259765625,97.1299057006836,1.118727684021,1.34860622882843
804,3791954.5,5224.259765625,97.1299057006836,1.118727684021,1.34860622882843
805,3771078.25,5108.640625,95.1364517211914,1.11538100242615,1.34837257862091
806,3771078.25,5108.640625,95.1364517211914,1.11538100242615,1.34837257862091
807,3771078.25,5108.640625,95.1364517211914,1.11538100242615,1.34837257862091
808,3771078.25,5108.640625,95.1364517211914,1.11538100242615,1.34837257862091
809,3771078.25,5108.640625,95.1364517211914,1.11538100242615,1.34837257862091
810,3813955.25,5292.6923828125,98.3625411987305,1.09856402873993,1.34943294525146
811,3813955.25,5292.6923828125,98.3625411987305,1.09856402873993,1.34943294525146
812,3772872,5180.47509765625,96.2344818115234,1.13165616989136,1.35150527954102
813,3779585.5,5379.8076171875,99.4008560180664,1.16815984249115,1.35188674926758
814,3779585.5,5379.8076171875,99.4008560180664,1.16815984249115,1.35188674926758
815,3806922.25,5660.94873046875,105.369560241699,1.20183253288269,1.3508837223053
816,3806922.25,5660.94873046875,105.369560241699,1.20183253288269,1.3508837223053
817,3806922.25,5660.94873046875,105.369560241699,1.20183253288269,1.3508837223053
818,3806922.25,5660.94873046875,105.369560241699,1.20183253288269,1.3508837223053
819,3806922.25,5660.94873046875,105.369560241699,1.20183253288269,1.3508837223053
820,3806922.25,5660.94873046875,105.369560241699,1.20183253288269,1.3508837223053
821,3800869.75,5743.919921875,106.506896972656,1.2391140460968,1.35200047492981
822,3800869.75,5743.919921875,106.506896972656,1.2391140460968,1.35200047492981
823,3782389.75,5607.3251953125,103.587707519531,1.22547364234924,1.35260725021362
824,3802368.75,5972.2705078125,109.933036804199,1.29053258895874,1.35263276100159
825,3749996,5603.6640625,104.086524963379,1.28972160816193,1.35067939758301
826,3749996,5603.6640625,104.086524963379,1.28972160816193,1.35067939758301
827,3749996,5603.6640625,104.086524963379,1.28972160816193,1.35067939758301
828,3720458.5,5365.0986328125,99.5260009765625,1.26882219314575,1.35345375537872
829,3720458.5,5365.0986328125,99.5260009765625,1.26882219314575,1.35345375537872
830,3720458.5,5365.0986328125,99.5260009765625,1.26882219314575,1.35345375537872
831,3720458.5,5365.0986328125,99.5260009765625,1.26882219314575,1.35345375537872
832,3720458.5,5365.0986328125,99.5260009765625,1.26882219314575,1.35345375537872
833,3706867.25,5339.87744140625,99.8864669799805,1.30055284500122,1.3538910150528
834,3706867.25,5339.87744140625,99.8864669799805,1.30055284500122,1.3538910150528
835,3728724.75,5432.91259765625,101.45174407959,1.27447807788849,1.3536719083786
836,3739929.5,5794.25439453125,108.699310302734,1.36673402786255,1.35455989837646
837,3725480.5,5664.66845703125,105.547973632812,1.35243010520935,1.35466265678406
838,3725480.5,5664.66845703125,105.547973632812,1.35243010520935,1.35466265678406
839,3725480.5,5664.66845703125,105.547973632812,1.35243010520935,1.35466265678406
840,3725480.5,5664.66845703125,105.547973632812,1.35243010520935,1.35466265678406
841,3725480.5,5664.66845703125,105.547973632812,1.35243010520935,1.35466265678406
842,3725480.5,5664.66845703125,105.547973632812,1.35243010520935,1.35466265678406
843,3725480.5,5664.66845703125,105.547973632812,1.35243010520935,1.35466265678406
844,3725480.5,5664.66845703125,105.547973632812,1.35243010520935,1.35466265678406
845,3725480.5,5664.66845703125,105.547973632812,1.35243010520935,1.35466265678406
846,3725480.5,5664.66845703125,105.547973632812,1.35243010520935,1.35466265678406
847,3725480.5,5664.66845703125,105.547973632812,1.35243010520935,1.35466265678406
848,3725480.5,5664.66845703125,105.547973632812,1.35243010520935,1.35466265678406
849,3725480.5,5664.66845703125,105.547973632812,1.35243010520935,1.35466265678406
850,3725480.5,5664.66845703125,105.547973632812,1.35243010520935,1.35466265678406
851,3725480.5,5664.66845703125,105.547973632812,1.35243010520935,1.35466265678406
852,3725480.5,5664.66845703125,105.547973632812,1.35243010520935,1.35466265678406
853,3725480.5,5664.66845703125,105.547973632812,1.35243010520935,1.35466265678406
854,3725480.5,5664.66845703125,105.547973632812,1.35243010520935,1.35466265678406
855,3725480.5,5664.66845703125,105.547973632812,1.35243010520935,1.35466265678406
856,3721547.75,5673.06494140625,106.286415100098,1.37603080272675,1.35458707809448
857,3721547.75,5673.06494140625,106.286415100098,1.37603080272675,1.35458707809448
858,3721547.75,5673.06494140625,106.286415100098,1.37603080272675,1.35458707809448
859,3721547.75,5673.06494140625,106.286415100098,1.37603080272675,1.35458707809448
860,3721547.75,5673.06494140625,106.286415100098,1.37603080272675,1.35458707809448
861,3721547.75,5673.06494140625,106.286415100098,1.37603080272675,1.35458707809448
862,3721547.75,5673.06494140625,106.286415100098,1.37603080272675,1.35458707809448
863,3721547.75,5673.06494140625,106.286415100098,1.37603080272675,1.35458707809448
864,3721547.75,5673.06494140625,106.286415100098,1.37603080272675,1.35458707809448
865,3721547.75,5673.06494140625,106.286415100098,1.37603080272675,1.35458707809448
866,3721547.75,5673.06494140625,106.286415100098,1.37603080272675,1.35458707809448
867,3721547.75,5673.06494140625,106.286415100098,1.37603080272675,1.35458707809448
868,3721547.75,5673.06494140625,106.286415100098,1.37603080272675,1.35458707809448
869,3721547.75,5673.06494140625,106.286415100098,1.37603080272675,1.35458707809448
870,3721547.75,5673.06494140625,106.286415100098,1.37603080272675,1.35458707809448
871,3721547.75,5673.06494140625,106.286415100098,1.37603080272675,1.35458707809448
872,3729135.25,5626.1484375,104.577110290527,1.34028208255768,1.35339498519897
873,3729135.25,5626.1484375,104.577110290527,1.34028208255768,1.35339498519897
874,3736802.75,5620.6728515625,104.970695495605,1.32400691509247,1.35259640216827
875,3736802.75,5620.6728515625,104.970695495605,1.32400691509247,1.35259640216827
876,3738927.75,5518.3076171875,103.509246826172,1.28588593006134,1.35212469100952
877,3727067.25,5455.2099609375,101.820770263672,1.29783391952515,1.35172855854034
878,3727067.25,5455.2099609375,101.820770263672,1.29783391952515,1.35172855854034
879,3698986.75,5262.17333984375,97.677131652832,1.29299437999725,1.35237097740173
880,3743813,5437.68505859375,100.019653320312,1.25968182086945,1.35218799114227
881,3743813,5437.68505859375,100.019653320312,1.25968182086945,1.35218799114227
882,3743813,5437.68505859375,100.019653320312,1.25968182086945,1.35218799114227
883,3743813,5437.68505859375,100.019653320312,1.25968182086945,1.35218799114227
884,3743813,5437.68505859375,100.019653320312,1.25968182086945,1.35218799114227
885,3775622.5,5753.2998046875,106.026885986328,1.28653681278229,1.35187458992004
886,3775622.5,5753.2998046875,106.026885986328,1.28653681278229,1.35187458992004
887,3775622.5,5753.2998046875,106.026885986328,1.28653681278229,1.35187458992004
888,3711286.75,5327.041015625,98.1941986083984,1.29173445701599,1.35079276561737
889,3684433.25,5092.85400390625,94.1560668945312,1.27288818359375,1.3508483171463
890,3684433.25,5092.85400390625,94.1560668945312,1.27288818359375,1.3508483171463
891,3684433.25,5092.85400390625,94.1560668945312,1.27288818359375,1.3508483171463
892,3684433.25,5092.85400390625,94.1560668945312,1.27288818359375,1.3508483171463
893,3682496,4969.2021484375,92.4311370849609,1.23786282539368,1.35153543949127
894,3682496,4969.2021484375,92.4311370849609,1.23786282539368,1.35153543949127
895,3682496,4969.2021484375,92.4311370849609,1.23786282539368,1.35153543949127
896,3653784.5,4831.10791015625,90.1076278686523,1.26111924648285,1.35185289382935
897,3653784.5,4831.10791015625,90.1076278686523,1.26111924648285,1.35185289382935
898,3653784.5,4831.10791015625,90.1076278686523,1.26111924648285,1.35185289382935
899,3653784.5,4831.10791015625,90.1076278686523,1.26111924648285,1.35185289382935
900,3653784.5,4831.10791015625,90.1076278686523,1.26111924648285,1.35185289382935
901,3653784.5,4831.10791015625,90.1076278686523,1.26111924648285,1.35185289382935
902,3653784.5,4831.10791015625,90.1076278686523,1.26111924648285,1.35185289382935
903,3653784.5,4831.10791015625,90.1076278686523,1.26111924648285,1.35185289382935
904,3663320,4832.69580078125,90.0934524536133,1.23095154762268,1.35324585437775
905,3691856.75,5026.63671875,93.3744354248047,1.22456049919128,1.35264682769775
906,3691856.75,5026.63671875,93.3744354248047,1.22456049919128,1.35264682769775
907,3691856.75,5026.63671875,93.3744354248047,1.22456049919128,1.35264682769775
908,3691856.75,5026.63671875,93.3744354248047,1.22456049919128,1.35264682769775
909,3691856.75,5026.63671875,93.3744354248047,1.22456049919128,1.35264682769775
910,3742401.75,5459.19091796875,101.071441650391,1.26103281974792,1.35248053073883
911,3742401.75,5459.19091796875,101.071441650391,1.26103281974792,1.35248053073883
912,3744992,5577.7822265625,103.292976379395,1.29558432102203,1.35198497772217
913,3744992,5577.7822265625,103.292976379395,1.29558432102203,1.35198497772217
914,3744992,5577.7822265625,103.292976379395,1.29558432102203,1.35198497772217
915,3753210.25,5703.41552734375,104.918548583984,1.31416583061218,1.35138094425201
916,3753210.25,5703.41552734375,104.918548583984,1.31416583061218,1.35138094425201
917,3753210.25,5703.41552734375,104.918548583984,1.31416583061218,1.35138094425201
918,3753210.25,5703.41552734375,104.918548583984,1.31416583061218,1.35138094425201
919,3753210.25,5703.41552734375,104.918548583984,1.31416583061218,1.35138094425201
920,3753210.25,5703.41552734375,104.918548583984,1.31416583061218,1.35138094425201
921,3772444.75,5869.380859375,107.385597229004,1.32037556171417,1.35134875774384
922,3772444.75,5869.380859375,107.385597229004,1.32037556171417,1.35134875774384
923,3772444.75,5869.380859375,107.385597229004,1.32037556171417,1.35134875774384
924,3772444.75,5869.380859375,107.385597229004,1.32037556171417,1.35134875774384
925,3772444.75,5869.380859375,107.385597229004,1.32037556171417,1.35134875774384
926,3772444.75,5869.380859375,107.385597229004,1.32037556171417,1.35134875774384
927,3772444.75,5869.380859375,107.385597229004,1.32037556171417,1.35134875774384
928,3772444.75,5869.380859375,107.385597229004,1.32037556171417,1.35134875774384
929,3772444.75,5869.380859375,107.385597229004,1.32037556171417,1.35134875774384
930,3772444.75,5869.380859375,107.385597229004,1.32037556171417,1.35134875774384
931,3772444.75,5869.380859375,107.385597229004,1.32037556171417,1.35134875774384
932,3772444.75,5869.380859375,107.385597229004,1.32037556171417,1.35134875774384
933,3772444.75,5869.380859375,107.385597229004,1.32037556171417,1.35134875774384
934,3772444.75,5869.380859375,107.385597229004,1.32037556171417,1.35134875774384
935,3748839,5664.115234375,103.756309509277,1.30907237529755,1.35185241699219
936,3696240.5,5250.02294921875,96.3591003417969,1.28306043148041,1.35428273677826
937,3700579.25,5254.24365234375,96.2438888549805,1.27860462665558,1.35529291629791
938,3677901,5153.365234375,94.5367813110352,1.2912882566452,1.35486531257629
939,3640002.5,4926.41552734375,90.9045333862305,1.29091238975525,1.35707974433899
940,3628638.5,4828.255859375,88.9943008422852,1.28603398799896,1.35638821125031
941,3628638.5,4828.255859375,88.9943008422852,1.28603398799896,1.35638821125031
942,3628638.5,4828.255859375,88.9943008422852,1.28603398799896,1.35638821125031
943,3628638.5,4828.255859375,88.9943008422852,1.28603398799896,1.35638821125031
944,3634988,4926.916015625,91.0648193359375,1.30897498130798,1.35669195652008
945,3634988,4926.916015625,91.0648193359375,1.30897498130798,1.35669195652008
946,3634988,4926.916015625,91.0648193359375,1.30897498130798,1.35669195652008
947,3634988,4926.916015625,91.0648193359375,1.30897498130798,1.35669195652008
948,3634988,4926.916015625,91.0648193359375,1.30897498130798,1.35669195652008
949,3634988,4926.916015625,91.0648193359375,1.30897498130798,1.35669195652008
950,3634988,4926.916015625,91.0648193359375,1.30897498130798,1.35669195652008
951,3634988,4926.916015625,91.0648193359375,1.30897498130798,1.35669195652008
952,3615836,4948.9111328125,91.4588317871094,1.36445319652557,1.3561178445816
953,3615836,4948.9111328125,91.4588317871094,1.36445319652557,1.3561178445816
954,3615836,4948.9111328125,91.4588317871094,1.36445319652557,1.3561178445816
955,3615836,4948.9111328125,91.4588317871094,1.36445319652557,1.3561178445816
956,3615836,4948.9111328125,91.4588317871094,1.36445319652557,1.3561178445816
957,3615836,4948.9111328125,91.4588317871094,1.36445319652557,1.3561178445816
958,3615836,4948.9111328125,91.4588317871094,1.36445319652557,1.3561178445816
959,3615836,4948.9111328125,91.4588317871094,1.36445319652557,1.3561178445816
960,3615836,4948.9111328125,91.4588317871094,1.36445319652557,1.3561178445816
961,3669042,5175.185546875,95.6658706665039,1.30581867694855,1.35893595218658
962,3669042,5175.185546875,95.6658706665039,1.30581867694855,1.35893595218658
963,3666429.75,5142.36181640625,94.999153137207,1.30717813968658,1.3581485748291
964,3653571.5,5038.42724609375,92.4170837402344,1.29656183719635,1.35891878604889
965,3666292.5,4961.94921875,91.0407562255859,1.2478985786438,1.35884094238281
966,3666292.5,4961.94921875,91.0407562255859,1.2478985786438,1.35884094238281
967,3666292.5,4961.94921875,91.0407562255859,1.2478985786438,1.35884094238281
968,3666292.5,4961.94921875,91.0407562255859,1.2478985786438,1.35884094238281
969,3666292.5,4961.94921875,91.0407562255859,1.2478985786438,1.35884094238281
970,3666292.5,4961.94921875,91.0407562255859,1.2478985786438,1.35884094238281
971,3667979.25,4909.40625,89.7032318115234,1.22609090805054,1.35781371593475
972,3679271.5,5116.65478515625,93.6507873535156,1.27162826061249,1.35738062858582
973,3701198.75,5315.3603515625,97.2387390136719,1.28620839118958,1.35731744766235
974,3701198.75,5315.3603515625,97.2387390136719,1.28620839118958,1.35731744766235
975,3701198.75,5315.3603515625,97.2387390136719,1.28620839118958,1.35731744766235
976,3701198.75,5315.3603515625,97.2387390136719,1.28620839118958,1.35731744766235
977,3701198.75,5315.3603515625,97.2387390136719,1.28620839118958,1.35731744766235
978,3701198.75,5315.3603515625,97.2387390136719,1.28620839118958,1.35731744766235
979,3701198.75,5315.3603515625,97.2387390136719,1.28620839118958,1.35731744766235
980,3701198.75,5315.3603515625,97.2387390136719,1.28620839118958,1.35731744766235
981,3701198.75,5315.3603515625,97.2387390136719,1.28620839118958,1.35731744766235
982,3701198.75,5315.3603515625,97.2387390136719,1.28620839118958,1.35731744766235
983,3701198.75,5315.3603515625,97.2387390136719,1.28620839118958,1.35731744766235
984,3701198.75,5315.3603515625,97.2387390136719,1.28620839118958,1.35731744766235
985,3701198.75,5315.3603515625,97.2387390136719,1.28620839118958,1.35731744766235
986,3701198.75,5315.3603515625,97.2387390136719,1.28620839118958,1.35731744766235
987,3701198.75,5315.3603515625,97.2387390136719,1.28620839118958,1.35731744766235
988,3701198.75,5315.3603515625,97.2387390136719,1.28620839118958,1.35731744766235
989,3701198.75,5315.3603515625,97.2387390136719,1.28620839118958,1.35731744766235
990,3701198.75,5315.3603515625,97.2387390136719,1.28620839118958,1.35731744766235
991,3701198.75,5315.3603515625,97.2387390136719,1.28620839118958,1.35731744766235
992,3701198.75,5315.3603515625,97.2387390136719,1.28620839118958,1.35731744766235
993,3701198.75,5315.3603515625,97.2387390136719,1.28620839118958,1.35731744766235
994,3701198.75,5315.3603515625,97.2387390136719,1.28620839118958,1.35731744766235
995,3701198.75,5315.3603515625,97.2387390136719,1.28620839118958,1.35731744766235
996,3701198.75,5315.3603515625,97.2387390136719,1.28620839118958,1.35731744766235
997,3701198.75,5315.3603515625,97.2387390136719,1.28620839118958,1.35731744766235
998,3701198.75,5315.3603515625,97.2387390136719,1.28620839118958,1.35731744766235
999,3701198.75,5315.3603515625,97.2387390136719,1.28620839118958,1.35731744766235
